{"t_low": 0.4850006369364337, "t_high": 0.24969109447654078}